USE [CHAPA_TU_PROFE]
GO


INSERT INTO [dbo].[FACULTAD]([DESCRIPCION],[ESTADO])
					 VALUES ('Ingenieria','A')
GO



INSERT INTO [dbo].[SEDE] ([DESCRIPCION],[ESTADO])
				   VALUES('Lima Centro','A')
GO



INSERT INTO [dbo].[CARRERA]([DESCRIPCION],[ID_FACULTAD],[ID_SEDE],[ESTADO])
					VALUES ('Ingenieria de Software',1,1,'A')
GO
INSERT INTO [dbo].[CARRERA]([DESCRIPCION],[ID_FACULTAD],[ID_SEDE],[ESTADO])
					VALUES ('Ingeniería de Sistemas e Informática',1,1,'A')
GO



INSERT INTO [dbo].[CURSO] ([CODIGO_CURSO],[DESCRIPCION],[ESTADO],[USUARIO_REG],[FECHA_REG],[USUARIO_MOD],[FECHA_MOD])
				   VALUES ('CU0001', 'Desarrollo de Software II','A','admin',GETDATE(),NULL,NULL)
GO

INSERT INTO [dbo].[CURSO] ([CODIGO_CURSO],[DESCRIPCION],[ESTADO],[USUARIO_REG],[FECHA_REG],[USUARIO_MOD],[FECHA_MOD])
				   VALUES ('CU0002', 'Calidad de Software','A','admin',GETDATE(),NULL,NULL)
GO

INSERT INTO [dbo].[CURSO] ([CODIGO_CURSO],[DESCRIPCION],[ESTADO],[USUARIO_REG],[FECHA_REG],[USUARIO_MOD],[FECHA_MOD])
				   VALUES ('CU0003', 'Pruebas de Software','A','admin',GETDATE(),NULL,NULL)
GO

INSERT INTO [dbo].[CURSO] ([CODIGO_CURSO],[DESCRIPCION],[ESTADO],[USUARIO_REG],[FECHA_REG],[USUARIO_MOD],[FECHA_MOD])
				   VALUES ('CU0004', 'Compresión y redacción de textos II','A','admin',GETDATE(),NULL,NULL)
GO

INSERT INTO [dbo].[CURSO] ([CODIGO_CURSO],[DESCRIPCION],[ESTADO],[USUARIO_REG],[FECHA_REG],[USUARIO_MOD],[FECHA_MOD])
				   VALUES ('CU0005', 'Problemas y Desafíos en el Perú Actual','A','admin',GETDATE(),NULL,NULL)
GO



INSERT INTO [dbo].[CURSO_CARRERA] ([ID_CURSO],[ID_CARRERA],[ESTADO],[USUARIO_REG],[FECHA_REG],[USUARIO_MOD],[FECHA_MOD])
							VALUES(1, 1,'A','admin',GETDATE(),NULL,NULL)
GO
INSERT INTO [dbo].[CURSO_CARRERA] ([ID_CURSO],[ID_CARRERA],[ESTADO],[USUARIO_REG],[FECHA_REG],[USUARIO_MOD],[FECHA_MOD])
							VALUES(2, 1,'A','admin',GETDATE(),NULL,NULL)
GO
INSERT INTO [dbo].[CURSO_CARRERA] ([ID_CURSO],[ID_CARRERA],[ESTADO],[USUARIO_REG],[FECHA_REG],[USUARIO_MOD],[FECHA_MOD])
							VALUES(3, 1,'A','admin',GETDATE(),NULL,NULL)
GO
INSERT INTO [dbo].[CURSO_CARRERA] ([ID_CURSO],[ID_CARRERA],[ESTADO],[USUARIO_REG],[FECHA_REG],[USUARIO_MOD],[FECHA_MOD])
							VALUES(4, 1,'A','admin',GETDATE(),NULL,NULL)
GO
INSERT INTO [dbo].[CURSO_CARRERA] ([ID_CURSO],[ID_CARRERA],[ESTADO],[USUARIO_REG],[FECHA_REG],[USUARIO_MOD],[FECHA_MOD])
							VALUES(5, 1,'A','admin',GETDATE(),NULL,NULL)
GO
INSERT INTO [dbo].[CURSO_CARRERA] ([ID_CURSO],[ID_CARRERA],[ESTADO],[USUARIO_REG],[FECHA_REG],[USUARIO_MOD],[FECHA_MOD])
							VALUES(1, 2,'A','admin',GETDATE(),NULL,NULL)
GO
INSERT INTO [dbo].[CURSO_CARRERA] ([ID_CURSO],[ID_CARRERA],[ESTADO],[USUARIO_REG],[FECHA_REG],[USUARIO_MOD],[FECHA_MOD])
							VALUES(2, 2,'A','admin',GETDATE(),NULL,NULL)
GO
INSERT INTO [dbo].[CURSO_CARRERA] ([ID_CURSO],[ID_CARRERA],[ESTADO],[USUARIO_REG],[FECHA_REG],[USUARIO_MOD],[FECHA_MOD])
							VALUES(4, 2,'A','admin',GETDATE(),NULL,NULL)
GO
INSERT INTO [dbo].[CURSO_CARRERA] ([ID_CURSO],[ID_CARRERA],[ESTADO],[USUARIO_REG],[FECHA_REG],[USUARIO_MOD],[FECHA_MOD])
							VALUES(5, 2,'A','admin',GETDATE(),NULL,NULL)
GO




INSERT INTO [dbo].[DOCENTE] ([CODIGO_DOCENTE],[DNI],[NOMBRE],[APELLIDO],[CORREO],[FOTO],[ESTADO],[USUARIO_REG],[FECHA_REG],[USUARIO_MOD],[FECHA_MOD]) 
					 VALUES ('C874512','10054872','Juan Jose','Perez Sanchez','C874512@edu.pe','C874512.png','A','admin',GETDATE(),NULL,NULL) 
GO 

INSERT INTO [dbo].[DOCENTE] ([CODIGO_DOCENTE],[DNI],[NOMBRE],[APELLIDO],[CORREO],[FOTO],[ESTADO],[USUARIO_REG],[FECHA_REG],[USUARIO_MOD],[FECHA_MOD]) 
					 VALUES ('C845212','10054870','Maria','Perez','C845212@edu.pe','C845212.png','A','admin',GETDATE(),NULL,NULL) 
GO 

INSERT INTO [dbo].[DOCENTE] ([CODIGO_DOCENTE],[DNI],[NOMBRE],[APELLIDO],[CORREO],[FOTO],[ESTADO],[USUARIO_REG],[FECHA_REG],[USUARIO_MOD],[FECHA_MOD]) 
					 VALUES ('C951324','10054873','Jose','Perez','C951324@edu.pe','C951324.png','A','admin',GETDATE(),NULL,NULL) 
GO 

INSERT INTO [dbo].[DOCENTE] ([CODIGO_DOCENTE],[DNI],[NOMBRE],[APELLIDO],[CORREO],[FOTO],[ESTADO],[USUARIO_REG],[FECHA_REG],[USUARIO_MOD],[FECHA_MOD]) 
                     VALUES ('C987365','10054871','Pedro','Perez','C987365@edu.pe','C987365.png','A','admin',GETDATE(),NULL,NULL) 
GO 

INSERT INTO [dbo].[DOCENTE] ([CODIGO_DOCENTE],[DNI],[NOMBRE],[APELLIDO],[CORREO],[FOTO],[ESTADO],[USUARIO_REG],[FECHA_REG],[USUARIO_MOD],[FECHA_MOD]) 
					 VALUES ('C121478','87845748','Carlos','Perez','C121478@edu.pe','C121478.png','A','admin',GETDATE(),NULL,NULL) 
GO 

  



INSERT INTO [dbo].[DOCENTE_CURSO] ([ID_DOCENTE],[ID_CURSO],[ESTADO],[USUARIO_REG],[FECHA_REG],[USUARIO_MOD],[FECHA_MOD])
						   VALUES (1,1,'A','admin',GETDATE(),NULL,NULL)
GO
INSERT INTO [dbo].[DOCENTE_CURSO] ([ID_DOCENTE],[ID_CURSO],[ESTADO],[USUARIO_REG],[FECHA_REG],[USUARIO_MOD],[FECHA_MOD])
						   VALUES (1,2,'A','admin',GETDATE(),NULL,NULL)
GO
INSERT INTO [dbo].[DOCENTE_CURSO] ([ID_DOCENTE],[ID_CURSO],[ESTADO],[USUARIO_REG],[FECHA_REG],[USUARIO_MOD],[FECHA_MOD])
						   VALUES (2,3,'A','admin',GETDATE(),NULL,NULL)
GO
INSERT INTO [dbo].[DOCENTE_CURSO] ([ID_DOCENTE],[ID_CURSO],[ESTADO],[USUARIO_REG],[FECHA_REG],[USUARIO_MOD],[FECHA_MOD])
						   VALUES (2,4,'A','admin',GETDATE(),NULL,NULL)
GO
INSERT INTO [dbo].[DOCENTE_CURSO] ([ID_DOCENTE],[ID_CURSO],[ESTADO],[USUARIO_REG],[FECHA_REG],[USUARIO_MOD],[FECHA_MOD])
						   VALUES (3,5,'A','admin',GETDATE(),NULL,NULL)
GO
INSERT INTO [dbo].[DOCENTE_CURSO] ([ID_DOCENTE],[ID_CURSO],[ESTADO],[USUARIO_REG],[FECHA_REG],[USUARIO_MOD],[FECHA_MOD])
						   VALUES (3,1,'A','admin',GETDATE(),NULL,NULL)
GO
INSERT INTO [dbo].[DOCENTE_CURSO] ([ID_DOCENTE],[ID_CURSO],[ESTADO],[USUARIO_REG],[FECHA_REG],[USUARIO_MOD],[FECHA_MOD])
						   VALUES (4,1,'A','admin',GETDATE(),NULL,NULL)
GO
INSERT INTO [dbo].[DOCENTE_CURSO] ([ID_DOCENTE],[ID_CURSO],[ESTADO],[USUARIO_REG],[FECHA_REG],[USUARIO_MOD],[FECHA_MOD])
						   VALUES (4,2,'A','admin',GETDATE(),NULL,NULL)
GO
INSERT INTO [dbo].[DOCENTE_CURSO] ([ID_DOCENTE],[ID_CURSO],[ESTADO],[USUARIO_REG],[FECHA_REG],[USUARIO_MOD],[FECHA_MOD])
						   VALUES (5,2,'A','admin',GETDATE(),NULL,NULL)
GO
INSERT INTO [dbo].[DOCENTE_CURSO] ([ID_DOCENTE],[ID_CURSO],[ESTADO],[USUARIO_REG],[FECHA_REG],[USUARIO_MOD],[FECHA_MOD])
						   VALUES (5,3,'A','admin',GETDATE(),NULL,NULL)
GO



INSERT INTO [dbo].[ALUMNO] ([CODIGO_ALUMNO],[DNI],[NOMBRE],[APELLIDO],[CORREO],[FOTO],[TELEFONO],[ESTADO],[USUARIO_REG],[FECHA_REG],[USUARIO_MOD],[FECHA_MOD]) 
				    VALUES ('U20150715','78489878','Jaime','Aguilar','U20150715@edu.pe','U20150715.png','987654321','A','admin',GETDATE(),NULL,NULL) 
GO 

INSERT INTO [dbo].[ALUMNO] ([CODIGO_ALUMNO],[DNI],[NOMBRE],[APELLIDO],[CORREO],[FOTO],[TELEFONO],[ESTADO],[USUARIO_REG],[FECHA_REG],[USUARIO_MOD],[FECHA_MOD]) 
					VALUES ('U20150714','78489877','Mario','Aguilar','U20150714@edu.pe','U20150714.png','987654321','A','admin',GETDATE(),NULL,NULL) 
GO 

INSERT INTO [dbo].[ALUMNO] ([CODIGO_ALUMNO],[DNI],[NOMBRE],[APELLIDO],[CORREO],[FOTO],[TELEFONO],[ESTADO],[USUARIO_REG],[FECHA_REG],[USUARIO_MOD],[FECHA_MOD]) 
					VALUES ('U20150713','78489876','Cristofer','Aguilar','U20150713@edu.pe','U20150713.png','987654321','A','admin',GETDATE(),NULL,NULL) 
GO 

INSERT INTO [dbo].[ALUMNO] ([CODIGO_ALUMNO],[DNI],[NOMBRE],[APELLIDO],[CORREO],[FOTO],[TELEFONO],[ESTADO],[USUARIO_REG],[FECHA_REG],[USUARIO_MOD],[FECHA_MOD]) 
					VALUES ('U20150712','78489875','Maria','Aguilar','U20150712@edu.pe','U20150712.png','987654321','A','admin',GETDATE(),NULL,NULL) 
GO 

INSERT INTO [dbo].[ALUMNO] ([CODIGO_ALUMNO],[DNI],[NOMBRE],[APELLIDO],[CORREO],[FOTO],[TELEFONO],[ESTADO],[USUARIO_REG],[FECHA_REG],[USUARIO_MOD],[FECHA_MOD]) 
					VALUES ('U20150711','78489874','Antonio','Aguilar','U20150711@edu.pe','U20150711.png','987654321','A','admin',GETDATE(),NULL,NULL) 
GO 


INSERT INTO [dbo].[AVANCE_ESTUDIO] ([ID_ALUMNO],[ID_CARRERA],[ESTADO])
							VALUES (1,1,'A')
GO
INSERT INTO [dbo].[AVANCE_ESTUDIO] ([ID_ALUMNO],[ID_CARRERA],[ESTADO])
							VALUES (2,2,'A')
GO
INSERT INTO [dbo].[AVANCE_ESTUDIO] ([ID_ALUMNO],[ID_CARRERA],[ESTADO])
							VALUES (3,1,'A')
GO
INSERT INTO [dbo].[AVANCE_ESTUDIO] ([ID_ALUMNO],[ID_CARRERA],[ESTADO])
							VALUES (4,2,'A')
GO
INSERT INTO [dbo].[AVANCE_ESTUDIO] ([ID_ALUMNO],[ID_CARRERA],[ESTADO])
							VALUES (5,1,'A')
GO



INSERT INTO [dbo].[AVANCE_ESTUDIO_DET] ([ID_PLAN_ESTUDIO],[ID_DOCENTE],[ID_CURSO],[TIPO],[MODALIDAD],[NRO_CICLO],[ESTADO])
                                VALUES (1,1,1,'O','P',7,'E')
GO
INSERT INTO [dbo].[AVANCE_ESTUDIO_DET] ([ID_PLAN_ESTUDIO],[ID_DOCENTE],[ID_CURSO],[TIPO],[MODALIDAD],[NRO_CICLO],[ESTADO])
                                VALUES (1,1,2,'E','P',7,'P')
GO
INSERT INTO [dbo].[AVANCE_ESTUDIO_DET] ([ID_PLAN_ESTUDIO],[ID_DOCENTE],[ID_CURSO],[TIPO],[MODALIDAD],[NRO_CICLO],[ESTADO])
                                VALUES (1,2,3,'O','P',7,'E')
GO
INSERT INTO [dbo].[AVANCE_ESTUDIO_DET] ([ID_PLAN_ESTUDIO],[ID_DOCENTE],[ID_CURSO],[TIPO],[MODALIDAD],[NRO_CICLO],[ESTADO])
                                VALUES (1,2,4,'O','P',10,'P')
GO
INSERT INTO [dbo].[AVANCE_ESTUDIO_DET] ([ID_PLAN_ESTUDIO],[ID_DOCENTE],[ID_CURSO],[TIPO],[MODALIDAD],[NRO_CICLO],[ESTADO])
                                VALUES (1,3,5,'E','V',10,'P')
GO


INSERT INTO [dbo].[AVANCE_ESTUDIO_DET] ([ID_PLAN_ESTUDIO],[ID_DOCENTE],[ID_CURSO],[TIPO],[MODALIDAD],[NRO_CICLO],[ESTADO])
                                VALUES (2,1,1,'O','P',6,'E')
GO
INSERT INTO [dbo].[AVANCE_ESTUDIO_DET] ([ID_PLAN_ESTUDIO],[ID_DOCENTE],[ID_CURSO],[TIPO],[MODALIDAD],[NRO_CICLO],[ESTADO])
                                VALUES (2,1,2,'E','P',6,'P')
GO
INSERT INTO [dbo].[AVANCE_ESTUDIO_DET] ([ID_PLAN_ESTUDIO],[ID_DOCENTE],[ID_CURSO],[TIPO],[MODALIDAD],[NRO_CICLO],[ESTADO])
                                VALUES (2,2,3,'O','P',6,'E')
GO
INSERT INTO [dbo].[AVANCE_ESTUDIO_DET] ([ID_PLAN_ESTUDIO],[ID_DOCENTE],[ID_CURSO],[TIPO],[MODALIDAD],[NRO_CICLO],[ESTADO])
                                VALUES (2,2,4,'O','P',6,'A')
GO
INSERT INTO [dbo].[AVANCE_ESTUDIO_DET] ([ID_PLAN_ESTUDIO],[ID_DOCENTE],[ID_CURSO],[TIPO],[MODALIDAD],[NRO_CICLO],[ESTADO])
                                VALUES (2,3,5,'E','P',8,'P')
GO

INSERT INTO [dbo].[AVANCE_ESTUDIO_DET] ([ID_PLAN_ESTUDIO],[ID_DOCENTE],[ID_CURSO],[TIPO],[MODALIDAD],[NRO_CICLO],[ESTADO])
                                VALUES (3,1,1,'O','P',6,'P')
GO
INSERT INTO [dbo].[AVANCE_ESTUDIO_DET] ([ID_PLAN_ESTUDIO],[ID_DOCENTE],[ID_CURSO],[TIPO],[MODALIDAD],[NRO_CICLO],[ESTADO])
                                VALUES (3,1,2,'E','P',6,'P')
GO
INSERT INTO [dbo].[AVANCE_ESTUDIO_DET] ([ID_PLAN_ESTUDIO],[ID_DOCENTE],[ID_CURSO],[TIPO],[MODALIDAD],[NRO_CICLO],[ESTADO])
                                VALUES (3,2,3,'O','P',6,'E')
GO
INSERT INTO [dbo].[AVANCE_ESTUDIO_DET] ([ID_PLAN_ESTUDIO],[ID_DOCENTE],[ID_CURSO],[TIPO],[MODALIDAD],[NRO_CICLO],[ESTADO])
                                VALUES (3,2,4,'O','P',6,'P')
GO
INSERT INTO [dbo].[AVANCE_ESTUDIO_DET] ([ID_PLAN_ESTUDIO],[ID_DOCENTE],[ID_CURSO],[TIPO],[MODALIDAD],[NRO_CICLO],[ESTADO])
                                VALUES (3,3,5,'E','V',6,'P')
GO

INSERT INTO [dbo].[AVANCE_ESTUDIO_DET] ([ID_PLAN_ESTUDIO],[ID_DOCENTE],[ID_CURSO],[TIPO],[MODALIDAD],[NRO_CICLO],[ESTADO])
                                VALUES (4,1,1,'O','P',6,'E')
GO
INSERT INTO [dbo].[AVANCE_ESTUDIO_DET] ([ID_PLAN_ESTUDIO],[ID_DOCENTE],[ID_CURSO],[TIPO],[MODALIDAD],[NRO_CICLO],[ESTADO])
                                VALUES (4,1,2,'E','P',6,'P')
GO
INSERT INTO [dbo].[AVANCE_ESTUDIO_DET] ([ID_PLAN_ESTUDIO],[ID_DOCENTE],[ID_CURSO],[TIPO],[MODALIDAD],[NRO_CICLO],[ESTADO])
                                VALUES (4,2,3,'O','P',6,'E')
GO
INSERT INTO [dbo].[AVANCE_ESTUDIO_DET] ([ID_PLAN_ESTUDIO],[ID_DOCENTE],[ID_CURSO],[TIPO],[MODALIDAD],[NRO_CICLO],[ESTADO])
                                VALUES (4,2,4,'O','P',6,'A')
GO
INSERT INTO [dbo].[AVANCE_ESTUDIO_DET] ([ID_PLAN_ESTUDIO],[ID_DOCENTE],[ID_CURSO],[TIPO],[MODALIDAD],[NRO_CICLO],[ESTADO])
                                VALUES (4,3,5,'E','P',8,'P')
GO

INSERT INTO [dbo].[AVANCE_ESTUDIO_DET] ([ID_PLAN_ESTUDIO],[ID_DOCENTE],[ID_CURSO],[TIPO],[MODALIDAD],[NRO_CICLO],[ESTADO])
                                VALUES (5,1,1,'O','P',7,'E')
GO
INSERT INTO [dbo].[AVANCE_ESTUDIO_DET] ([ID_PLAN_ESTUDIO],[ID_DOCENTE],[ID_CURSO],[TIPO],[MODALIDAD],[NRO_CICLO],[ESTADO])
                                VALUES (5,1,2,'E','P',7,'P')
GO
INSERT INTO [dbo].[AVANCE_ESTUDIO_DET] ([ID_PLAN_ESTUDIO],[ID_DOCENTE],[ID_CURSO],[TIPO],[MODALIDAD],[NRO_CICLO],[ESTADO])
                                VALUES (5,2,3,'O','P',7,'E')
GO
INSERT INTO [dbo].[AVANCE_ESTUDIO_DET] ([ID_PLAN_ESTUDIO],[ID_DOCENTE],[ID_CURSO],[TIPO],[MODALIDAD],[NRO_CICLO],[ESTADO])
                                VALUES (5,2,4,'O','P',10,'P')
GO
INSERT INTO [dbo].[AVANCE_ESTUDIO_DET] ([ID_PLAN_ESTUDIO],[ID_DOCENTE],[ID_CURSO],[TIPO],[MODALIDAD],[NRO_CICLO],[ESTADO])
                                VALUES (5,3,5,'E','V',10,'P')
GO


INSERT INTO [dbo].[CUESTIONARIO] ([SECUENCIA],[DESCRIPCION],[ESTADO],[USUARIO_REG],[FECHA_REG],[USUARIO_MOD],[FECHA_MOD])
						   VALUES(1,'¿Lorem Ipsum is simply dummy text of the printing and typesetting industry. Lorem Ipsum has been the industrys?','A','admin',GETDATE(),NULL,NULL)
GO
INSERT INTO [dbo].[CUESTIONARIO] ([SECUENCIA],[DESCRIPCION],[ESTADO],[USUARIO_REG],[FECHA_REG],[USUARIO_MOD],[FECHA_MOD])
						   VALUES(2,'¿It is a long established fact that a reader will be distracted by the readable content of a page?','A','admin',GETDATE(),NULL,NULL)
GO
INSERT INTO [dbo].[CUESTIONARIO] ([SECUENCIA],[DESCRIPCION],[ESTADO],[USUARIO_REG],[FECHA_REG],[USUARIO_MOD],[FECHA_MOD])
						   VALUES(3,'¿There are many variations of passages of Lorem Ipsum available, but the majority?','A','admin',GETDATE(),NULL,NULL)
GO
INSERT INTO [dbo].[CUESTIONARIO] ([SECUENCIA],[DESCRIPCION],[ESTADO],[USUARIO_REG],[FECHA_REG],[USUARIO_MOD],[FECHA_MOD])
						   VALUES(4,'¿Contrary to popular belief, Lorem Ipsum is not simply random text. It has roots in a piece of classical Latin literature from 45 BC, making it over 2000 years old?','A','admin',GETDATE(),NULL,NULL)
GO
INSERT INTO [dbo].[CUESTIONARIO] ([SECUENCIA],[DESCRIPCION],[ESTADO],[USUARIO_REG],[FECHA_REG],[USUARIO_MOD],[FECHA_MOD])
						   VALUES(5,'¿The generated Lorem Ipsum is therefore always free from repetition?','A','admin',GETDATE(),NULL,NULL)
GO



INSERT INTO [dbo].[CALIFICACION]([ID_ALUMNO],[ID_DOCENTE],[ID_CURSO],[ID_CARRERA],[NRO_CICLO],[PUNTAJE_TOTAL],[ESTADO],[USUARIO_REG],[FECHA_REG],[USUARIO_MOD],[FECHA_MOD])
						 VALUES (1,1,1,1,7,15,'A','user',GETDATE(),NULL,NULL)
GO
INSERT INTO [dbo].[CALIFICACION]([ID_ALUMNO],[ID_DOCENTE],[ID_CURSO],[ID_CARRERA],[NRO_CICLO],[PUNTAJE_TOTAL],[ESTADO],[USUARIO_REG],[FECHA_REG],[USUARIO_MOD],[FECHA_MOD])
						 VALUES (2,2,1,2,7,10,'A','user',GETDATE(),NULL,NULL)
GO
INSERT INTO [dbo].[CALIFICACION]([ID_ALUMNO],[ID_DOCENTE],[ID_CURSO],[ID_CARRERA],[NRO_CICLO],[PUNTAJE_TOTAL],[ESTADO],[USUARIO_REG],[FECHA_REG],[USUARIO_MOD],[FECHA_MOD])
						 VALUES (3,3,2,1,7,5,'A','user',GETDATE(),NULL,NULL)
GO
INSERT INTO [dbo].[CALIFICACION]([ID_ALUMNO],[ID_DOCENTE],[ID_CURSO],[ID_CARRERA],[NRO_CICLO],[PUNTAJE_TOTAL],[ESTADO],[USUARIO_REG],[FECHA_REG],[USUARIO_MOD],[FECHA_MOD])
						 VALUES (4,4,4,2,7,5,'A','user',GETDATE(),NULL,NULL)
GO
INSERT INTO [dbo].[CALIFICACION]([ID_ALUMNO],[ID_DOCENTE],[ID_CURSO],[ID_CARRERA],[NRO_CICLO],[PUNTAJE_TOTAL],[ESTADO],[USUARIO_REG],[FECHA_REG],[USUARIO_MOD],[FECHA_MOD])
						 VALUES (5,5,3,1,7,10,'A','user',GETDATE(),NULL,NULL)
GO



INSERT INTO [dbo].[CALIFICACION_DET] ([ID_CALIFICACION],[ID_CUESTIONARIO],[SECUENCIA_CUESTIONARIO],[PUNTAJE],[ESTADO],[USUARIO_REG],[FECHA_REG],[USUARIO_MOD],[FECHA_MOD])
							  VALUES (1, 1, 1, 2,'A','user',GETDATE(),NULL,NULL)
GO
INSERT INTO [dbo].[CALIFICACION_DET] ([ID_CALIFICACION],[ID_CUESTIONARIO],[SECUENCIA_CUESTIONARIO],[PUNTAJE],[ESTADO],[USUARIO_REG],[FECHA_REG],[USUARIO_MOD],[FECHA_MOD])
							  VALUES (1, 1, 2, 2,'A','user',GETDATE(),NULL,NULL)
GO
INSERT INTO [dbo].[CALIFICACION_DET] ([ID_CALIFICACION],[ID_CUESTIONARIO],[SECUENCIA_CUESTIONARIO],[PUNTAJE],[ESTADO],[USUARIO_REG],[FECHA_REG],[USUARIO_MOD],[FECHA_MOD])
							  VALUES (1, 1, 3, 1,'A','user',GETDATE(),NULL,NULL)
GO
INSERT INTO [dbo].[CALIFICACION_DET] ([ID_CALIFICACION],[ID_CUESTIONARIO],[SECUENCIA_CUESTIONARIO],[PUNTAJE],[ESTADO],[USUARIO_REG],[FECHA_REG],[USUARIO_MOD],[FECHA_MOD])
							  VALUES (1, 1, 4, 5,'A','user',GETDATE(),NULL,NULL)
GO
INSERT INTO [dbo].[CALIFICACION_DET] ([ID_CALIFICACION],[ID_CUESTIONARIO],[SECUENCIA_CUESTIONARIO],[PUNTAJE],[ESTADO],[USUARIO_REG],[FECHA_REG],[USUARIO_MOD],[FECHA_MOD])
							  VALUES (1, 1, 5, 5, 'A','user',GETDATE(),NULL,NULL)
GO

INSERT INTO [dbo].[CALIFICACION_DET] ([ID_CALIFICACION],[ID_CUESTIONARIO],[SECUENCIA_CUESTIONARIO],[PUNTAJE],[ESTADO],[USUARIO_REG],[FECHA_REG],[USUARIO_MOD],[FECHA_MOD])
							  VALUES (2, 1, 1, 1,'A','user',GETDATE(),NULL,NULL)
GO
INSERT INTO [dbo].[CALIFICACION_DET] ([ID_CALIFICACION],[ID_CUESTIONARIO],[SECUENCIA_CUESTIONARIO],[PUNTAJE],[ESTADO],[USUARIO_REG],[FECHA_REG],[USUARIO_MOD],[FECHA_MOD])
							  VALUES (2, 1, 2, 1,'A','user',GETDATE(),NULL,NULL)
GO
INSERT INTO [dbo].[CALIFICACION_DET] ([ID_CALIFICACION],[ID_CUESTIONARIO],[SECUENCIA_CUESTIONARIO],[PUNTAJE],[ESTADO],[USUARIO_REG],[FECHA_REG],[USUARIO_MOD],[FECHA_MOD])
							  VALUES (2, 1, 3, 1,'A','user',GETDATE(),NULL,NULL)
GO
INSERT INTO [dbo].[CALIFICACION_DET] ([ID_CALIFICACION],[ID_CUESTIONARIO],[SECUENCIA_CUESTIONARIO],[PUNTAJE],[ESTADO],[USUARIO_REG],[FECHA_REG],[USUARIO_MOD],[FECHA_MOD])
							  VALUES (2, 1, 4, 2,'A','user',GETDATE(),NULL,NULL)
GO
INSERT INTO [dbo].[CALIFICACION_DET] ([ID_CALIFICACION],[ID_CUESTIONARIO],[SECUENCIA_CUESTIONARIO],[PUNTAJE],[ESTADO],[USUARIO_REG],[FECHA_REG],[USUARIO_MOD],[FECHA_MOD])
							  VALUES (2, 1, 5, 5, 'A','user',GETDATE(),NULL,NULL)
GO

INSERT INTO [dbo].[CALIFICACION_DET] ([ID_CALIFICACION],[ID_CUESTIONARIO],[SECUENCIA_CUESTIONARIO],[PUNTAJE],[ESTADO],[USUARIO_REG],[FECHA_REG],[USUARIO_MOD],[FECHA_MOD])
							  VALUES (3, 1, 1, 1,'A','user',GETDATE(),NULL,NULL)
GO
INSERT INTO [dbo].[CALIFICACION_DET] ([ID_CALIFICACION],[ID_CUESTIONARIO],[SECUENCIA_CUESTIONARIO],[PUNTAJE],[ESTADO],[USUARIO_REG],[FECHA_REG],[USUARIO_MOD],[FECHA_MOD])
							  VALUES (3, 1, 2, 1,'A','user',GETDATE(),NULL,NULL)
GO
INSERT INTO [dbo].[CALIFICACION_DET] ([ID_CALIFICACION],[ID_CUESTIONARIO],[SECUENCIA_CUESTIONARIO],[PUNTAJE],[ESTADO],[USUARIO_REG],[FECHA_REG],[USUARIO_MOD],[FECHA_MOD])
							  VALUES (3, 1, 3, 1,'A','user',GETDATE(),NULL,NULL)
GO
INSERT INTO [dbo].[CALIFICACION_DET] ([ID_CALIFICACION],[ID_CUESTIONARIO],[SECUENCIA_CUESTIONARIO],[PUNTAJE],[ESTADO],[USUARIO_REG],[FECHA_REG],[USUARIO_MOD],[FECHA_MOD])
							  VALUES (3, 1, 4, 1,'A','user',GETDATE(),NULL,NULL)
GO
INSERT INTO [dbo].[CALIFICACION_DET] ([ID_CALIFICACION],[ID_CUESTIONARIO],[SECUENCIA_CUESTIONARIO],[PUNTAJE],[ESTADO],[USUARIO_REG],[FECHA_REG],[USUARIO_MOD],[FECHA_MOD])
							  VALUES (3, 1, 5, 1, 'A','user',GETDATE(),NULL,NULL)
GO

INSERT INTO [dbo].[CALIFICACION_DET] ([ID_CALIFICACION],[ID_CUESTIONARIO],[SECUENCIA_CUESTIONARIO],[PUNTAJE],[ESTADO],[USUARIO_REG],[FECHA_REG],[USUARIO_MOD],[FECHA_MOD])
							  VALUES (4, 1, 1, 1,'A','user',GETDATE(),NULL,NULL)
GO
INSERT INTO [dbo].[CALIFICACION_DET] ([ID_CALIFICACION],[ID_CUESTIONARIO],[SECUENCIA_CUESTIONARIO],[PUNTAJE],[ESTADO],[USUARIO_REG],[FECHA_REG],[USUARIO_MOD],[FECHA_MOD])
							  VALUES (4, 1, 2, 1,'A','user',GETDATE(),NULL,NULL)
GO
INSERT INTO [dbo].[CALIFICACION_DET] ([ID_CALIFICACION],[ID_CUESTIONARIO],[SECUENCIA_CUESTIONARIO],[PUNTAJE],[ESTADO],[USUARIO_REG],[FECHA_REG],[USUARIO_MOD],[FECHA_MOD])
							  VALUES (4, 1, 3, 1,'A','user',GETDATE(),NULL,NULL)
GO
INSERT INTO [dbo].[CALIFICACION_DET] ([ID_CALIFICACION],[ID_CUESTIONARIO],[SECUENCIA_CUESTIONARIO],[PUNTAJE],[ESTADO],[USUARIO_REG],[FECHA_REG],[USUARIO_MOD],[FECHA_MOD])
							  VALUES (4, 1, 4, 1,'A','user',GETDATE(),NULL,NULL)
GO
INSERT INTO [dbo].[CALIFICACION_DET] ([ID_CALIFICACION],[ID_CUESTIONARIO],[SECUENCIA_CUESTIONARIO],[PUNTAJE],[ESTADO],[USUARIO_REG],[FECHA_REG],[USUARIO_MOD],[FECHA_MOD])
							  VALUES (4, 1, 5, 1, 'A','user',GETDATE(),NULL,NULL)
GO

INSERT INTO [dbo].[CALIFICACION_DET] ([ID_CALIFICACION],[ID_CUESTIONARIO],[SECUENCIA_CUESTIONARIO],[PUNTAJE],[ESTADO],[USUARIO_REG],[FECHA_REG],[USUARIO_MOD],[FECHA_MOD])
							  VALUES (5, 1, 1, 5,'A','user',GETDATE(),NULL,NULL)
GO
INSERT INTO [dbo].[CALIFICACION_DET] ([ID_CALIFICACION],[ID_CUESTIONARIO],[SECUENCIA_CUESTIONARIO],[PUNTAJE],[ESTADO],[USUARIO_REG],[FECHA_REG],[USUARIO_MOD],[FECHA_MOD])
							  VALUES (5, 1, 2, 1,'A','user',GETDATE(),NULL,NULL)
GO
INSERT INTO [dbo].[CALIFICACION_DET] ([ID_CALIFICACION],[ID_CUESTIONARIO],[SECUENCIA_CUESTIONARIO],[PUNTAJE],[ESTADO],[USUARIO_REG],[FECHA_REG],[USUARIO_MOD],[FECHA_MOD])
							  VALUES (5, 1, 3, 2,'A','user',GETDATE(),NULL,NULL)
GO
INSERT INTO [dbo].[CALIFICACION_DET] ([ID_CALIFICACION],[ID_CUESTIONARIO],[SECUENCIA_CUESTIONARIO],[PUNTAJE],[ESTADO],[USUARIO_REG],[FECHA_REG],[USUARIO_MOD],[FECHA_MOD])
							  VALUES (5, 1, 4, 1,'A','user',GETDATE(),NULL,NULL)
GO
INSERT INTO [dbo].[CALIFICACION_DET] ([ID_CALIFICACION],[ID_CUESTIONARIO],[SECUENCIA_CUESTIONARIO],[PUNTAJE],[ESTADO],[USUARIO_REG],[FECHA_REG],[USUARIO_MOD],[FECHA_MOD])
							  VALUES (5, 1, 5, 1, 'A','user',GETDATE(),NULL,NULL)
GO


INSERT INTO [dbo].[ROL] ([DESCRIPCION],[ESTADO],[USUARIO_REG],[FECHA_REG],[USUARIO_MOD],[FECHA_MOD])
				 VALUES ('Administrador','A',NULL,GETDATE(),NULL,NULL)
GO
INSERT INTO [dbo].[ROL] ([DESCRIPCION],[ESTADO],[USUARIO_REG],[FECHA_REG],[USUARIO_MOD],[FECHA_MOD])
				 VALUES ('Alumno','A','admin',GETDATE(),NULL,NULL)
GO


INSERT INTO [dbo].[USUARIO] ([ID_ROL],[USUARIO],[CONTRASENA],[NOMBRE],[APELLIDO],[CORREO],[FOTO],[ESTADO],[USUARIO_REG],[FECHA_REG],[USUARIO_MOD],[FECHA_MOD]) 
					VALUES (1,'admin',ENCRYPTBYPASSPHRASE('password', '123456'),'Mario','Perez','admin@edu.pe','admin.png','A', NULL, GETDATE(),NULL,NULL)
GO 
INSERT INTO [dbo].[USUARIO] ([ID_ROL],[USUARIO],[CONTRASENA],[NOMBRE],[APELLIDO],[CORREO],[FOTO],[ESTADO],[USUARIO_REG],[FECHA_REG],[USUARIO_MOD],[FECHA_MOD]) 
                     VALUES (2,'U20150715',ENCRYPTBYPASSPHRASE('password', '12345'),'Jaime','Aguilar','U20150715@edu.pe','U20150715.png','A','admin',GETDATE(),NULL,NULL)
GO 
INSERT INTO [dbo].[USUARIO] ([ID_ROL],[USUARIO],[CONTRASENA],[NOMBRE],[APELLIDO],[CORREO],[FOTO],[ESTADO],[USUARIO_REG],[FECHA_REG],[USUARIO_MOD],[FECHA_MOD]) 
				     VALUES (2,'U20150714',ENCRYPTBYPASSPHRASE('password', '12345'),'Mario','Aguilar','U20150714@edu.pe','U20150714.png','A','admin',GETDATE(),NULL,NULL) 
GO 
INSERT INTO [dbo].[USUARIO] ([ID_ROL],[USUARIO],[CONTRASENA],[NOMBRE],[APELLIDO],[CORREO],[FOTO],[ESTADO],[USUARIO_REG],[FECHA_REG],[USUARIO_MOD],[FECHA_MOD]) 
					 VALUES (2,'U20150713',ENCRYPTBYPASSPHRASE('password', '12345'),'Cristofer','Aguilar','U20150713@edu.pe','U20150713.png','A','admin',GETDATE(),NULL,NULL) 
GO 
INSERT INTO [dbo].[USUARIO] ([ID_ROL],[USUARIO],[CONTRASENA],[NOMBRE],[APELLIDO],[CORREO],[FOTO],[ESTADO],[USUARIO_REG],[FECHA_REG],[USUARIO_MOD],[FECHA_MOD]) 
					 VALUES (2,'U20150712',ENCRYPTBYPASSPHRASE('password', '12345'),'Maria','Aguilar','U20150712@edu.pe','U20150712.png','A','admin',GETDATE(),NULL,NULL) 
GO 
INSERT INTO [dbo].[USUARIO] ([ID_ROL],[USUARIO],[CONTRASENA],[NOMBRE],[APELLIDO],[CORREO],[FOTO],[ESTADO],[USUARIO_REG],[FECHA_REG],[USUARIO_MOD],[FECHA_MOD]) 
					 VALUES (2,'U20150711',ENCRYPTBYPASSPHRASE('password', '12345'),'Antonio','Aguilar','U20150711@edu.pe','U20150711.png','A','admin',GETDATE(),NULL,NULL) 
GO


select * from [dbo].[FACULTAD];
select * from [dbo].[SEDE];
select * from [dbo].[CARRERA];
select * from [dbo].[CURSO];
select * from [dbo].[CURSO_CARRERA];
select * from [dbo].[DOCENTE];
select * from [dbo].[DOCENTE_CURSO];
select * from [dbo].[ALUMNO];
select * from [dbo].[AVANCE_ESTUDIO];
select * from [dbo].[AVANCE_ESTUDIO_DET];
select * from [dbo].[CUESTIONARIO];
select * from [dbo].[CALIFICACION];
select * from [dbo].[CALIFICACION_DET];
select * from [dbo].[ROL];
select * from [dbo].[USUARIO];




